<?xml version="1.0" encoding="UTF-8"?>
<project-private xmlns="http://www.netbeans.org/ns/project-private/1">
    <editor-bookmarks xmlns="http://www.netbeans.org/ns/editor-bookmarks/2" lastBookmarkId="3"/>
    <open-files xmlns="http://www.netbeans.org/ns/projectui-open-files/2">
        <group>
            <file>file:/home/guillermo/Documents/Academico/UBB/MCC%202014/1.%20Primer%20Semestre/TO/Talleres/Taller%202/WebApp/FamiPics/database/famipics-repo.xml</file>
            <file>file:/home/guillermo/Documents/Academico/UBB/MCC%202014/1.%20Primer%20Semestre/TO/Talleres/Taller%202/WebApp/FamiPics/web/Pics.jsp</file>
            <file>file:/home/guillermo/Documents/Academico/UBB/MCC%202014/1.%20Primer%20Semestre/TO/Talleres/Taller%202/WebApp/FamiPics/src/java/famipics/dao/jaxp/JaxpFactory.java</file>
        </group>
    </open-files>
</project-private>
